{"IcoMoonType":"selection","icons":[{"icon":{"paths":["M945.237 0l78.763 78.763-433.237 433.237 433.237 433.237-78.763 78.763-433.237-433.237-433.237 433.237-78.763-78.763 433.152-433.237-433.152-433.237 78.763-78.763 433.237 433.237 433.237-433.237z"],"attrs":[{}],"isMulticolor":false,"isMulticolor2":false,"tags":["cross"],"grid":0},"attrs":[{}],"properties":{"order":10,"id":0,"name":"cross","prevSize":32,"code":59657},"setIdx":0,"setId":2,"iconIdx":0},{"icon":{"paths":["M554.667 213.333v298.667h298.667v42.667h-298.667v298.667h-42.667l-0.043-298.667h-298.624v-42.667h298.667v-298.667h42.667z"],"attrs":[{}],"isMulticolor":false,"isMulticolor2":false,"tags":["plus-sign"],"grid":0},"attrs":[{}],"properties":{"order":8,"id":1,"name":"plus-sign","prevSize":32,"code":59655},"setIdx":0,"setId":2,"iconIdx":1},{"icon":{"paths":["M853.333 512v42.667h-640v-42.667h640z"],"attrs":[{}],"isMulticolor":false,"isMulticolor2":false,"tags":["minus-sign"],"grid":0},"attrs":[{}],"properties":{"order":9,"id":2,"name":"minus-sign","prevSize":32,"code":59656},"setIdx":0,"setId":2,"iconIdx":2},{"icon":{"paths":["M240.471 640l271.529-271.529 271.529 271.529"],"attrs":[{"fill":"none","strokeLinejoin":"miter","strokeLinecap":"butt","strokeMiterlimit":"4","strokeWidth":64}],"isMulticolor":false,"isMulticolor2":false,"tags":["chevron-up"],"grid":0},"attrs":[{"fill":"none","strokeLinejoin":"miter","strokeLinecap":"butt","strokeMiterlimit":"4","strokeWidth":64}],"properties":{"order":12,"id":3,"name":"chevron-up1","prevSize":32,"code":59658},"setIdx":0,"setId":2,"iconIdx":3},{"icon":{"paths":["M783.529 384l-271.529 271.529-271.529-271.529"],"attrs":[{"fill":"none","strokeLinejoin":"miter","strokeLinecap":"butt","strokeMiterlimit":"4","strokeWidth":64}],"isMulticolor":false,"isMulticolor2":false,"tags":["chevron-down"],"grid":0},"attrs":[{"fill":"none","strokeLinejoin":"miter","strokeLinecap":"butt","strokeMiterlimit":"4","strokeWidth":64}],"properties":{"order":11,"id":4,"name":"chevron-down1","prevSize":32,"code":59659},"setIdx":0,"setId":2,"iconIdx":4},{"icon":{"paths":["M64.020 688.546c0.128-0.311 465.815 268.582 465.815 268.582-0.311-0.128 288.101-499.627 288.101-499.627l-98.35-367.046-367.046 98.35-288.524 499.738zM308.283 131.126l458.806-122.936 122.936 458.806-302.436 523.836c-18.465 31.982-59.94 42.602-91.337 24.473l-465.929-269.006c-31.982-18.465-42.602-59.94-24.473-91.337l302.436-523.836z","M657.327 332.645c-18.549 32.129-59.632 43.136-91.761 24.587s-43.136-59.632-24.587-91.761c18.549-32.129 59.632-43.136 91.761-24.587s43.136 59.632 24.587 91.761z"],"width":896,"attrs":[{},{}],"isMulticolor":false,"isMulticolor2":false,"tags":["coupon"],"grid":0},"attrs":[{},{}],"properties":{"order":6,"id":5,"name":"coupon","prevSize":32,"code":59653},"setIdx":0,"setId":2,"iconIdx":5},{"icon":{"paths":["M39.385 39.385h612.667l253.794 254.976v690.255h-866.462v-945.231z","M850.156 275.692h-180.618v-180.618l180.618 180.618z","M236.308 236.308h236.308v78.769h-236.308z","M236.308 472.615h472.615v78.769h-472.615z","M236.308 708.923h472.615v78.769h-472.615z"],"width":945,"attrs":[{"fill":"none","strokeLinejoin":"miter","strokeLinecap":"butt","strokeMiterlimit":"4","strokeWidth":78.76923076923077},{"fill":"none","strokeLinejoin":"miter","strokeLinecap":"butt","strokeMiterlimit":"4","strokeWidth":78.76923076923077},{},{},{}],"isMulticolor":false,"isMulticolor2":false,"colorPermutations":[null,null,null,null,null],"tags":["note"],"grid":0},"attrs":[{"fill":"none","strokeLinejoin":"miter","strokeLinecap":"butt","strokeMiterlimit":"4","strokeWidth":78.76923076923077},{"fill":"none","strokeLinejoin":"miter","strokeLinecap":"butt","strokeMiterlimit":"4","strokeWidth":78.76923076923077},{},{},{}],"properties":{"order":7,"id":6,"name":"note","prevSize":32,"code":59654},"setIdx":0,"setId":2,"iconIdx":6},{"icon":{"paths":["M297.344 105.344c5.794-5.808 13.805-9.401 22.656-9.401s16.862 3.593 22.655 9.401l0.001 0.001 384 384c5.808 5.794 9.401 13.805 9.401 22.656s-3.593 16.862-9.401 22.655l-0.001 0.001-384 384c-5.798 5.798-13.808 9.384-22.656 9.384-17.695 0-32.040-14.345-32.040-32.040 0-8.848 3.586-16.858 9.384-22.656v0l361.408-361.344-361.408-361.344c-5.808-5.794-9.401-13.805-9.401-22.656s3.593-16.862 9.401-22.655l0.001-0.001z"],"attrs":[{}],"isMulticolor":false,"isMulticolor2":false,"tags":["chevron-right"],"grid":0},"attrs":[{}],"properties":{"order":2,"id":7,"name":"chevron-right","prevSize":32,"code":59649},"setIdx":0,"setId":2,"iconIdx":7},{"icon":{"paths":["M105.344 726.656c-5.808-5.794-9.401-13.805-9.401-22.656s3.593-16.862 9.401-22.655l384.001-384.001c5.794-5.808 13.805-9.401 22.656-9.401s16.862 3.593 22.655 9.401l384.001 384.001c5.798 5.798 9.384 13.808 9.384 22.656 0 17.695-14.345 32.040-32.040 32.040-8.848 0-16.858-3.586-22.656-9.384v0l-361.344-361.408-361.344 361.408c-5.794 5.808-13.805 9.401-22.656 9.401s-16.862-3.593-22.655-9.401l-0.001-0.001z"],"attrs":[{}],"isMulticolor":false,"isMulticolor2":false,"tags":["chevron-up"],"grid":0},"attrs":[{}],"properties":{"order":3,"id":8,"name":"chevron-up","prevSize":32,"code":59650},"setIdx":0,"setId":2,"iconIdx":8},{"icon":{"paths":["M726.656 918.656c-5.794 5.808-13.805 9.401-22.656 9.401s-16.862-3.593-22.655-9.401l-384.001-384.001c-5.808-5.794-9.401-13.805-9.401-22.656s3.593-16.862 9.401-22.655l384.001-384.001c5.798-5.798 13.808-9.384 22.656-9.384 17.695 0 32.040 14.345 32.040 32.040 0 8.848-3.586 16.858-9.384 22.656v0l-361.408 361.344 361.408 361.344c5.808 5.794 9.401 13.805 9.401 22.656s-3.593 16.862-9.401 22.655l-0.001 0.001z"],"attrs":[{}],"isMulticolor":false,"isMulticolor2":false,"tags":["chevron-left"],"grid":0},"attrs":[{}],"properties":{"order":4,"id":9,"name":"chevron-left","prevSize":32,"code":59651},"setIdx":0,"setId":2,"iconIdx":9},{"icon":{"paths":["M918.656 297.344c5.808 5.794 9.401 13.805 9.401 22.656s-3.593 16.862-9.401 22.655l-384.001 384.001c-5.794 5.808-13.805 9.401-22.656 9.401s-16.862-3.593-22.655-9.401l-384.001-384.001c-5.798-5.798-9.384-13.808-9.384-22.656 0-17.695 14.345-32.040 32.040-32.040 8.848 0 16.858 3.586 22.656 9.384v0l361.344 361.408 361.344-361.408c5.794-5.808 13.805-9.401 22.656-9.401s16.862 3.593 22.655 9.401l0.001 0.001z"],"attrs":[{}],"isMulticolor":false,"isMulticolor2":false,"tags":["chevron-down"],"grid":0},"attrs":[{}],"properties":{"order":5,"id":10,"name":"chevron-down","prevSize":32,"code":59652},"setIdx":0,"setId":2,"iconIdx":10},{"icon":{"paths":["M61.62 369.672h1268.761v49.951h-1268.761v-49.951z","M1098.108 1024.033h-802.55c-9.99 0-19.98-9.99-24.976-19.98l-163.174-589.424 49.951-14.985 159.011 570.276h768.416l158.179-570.276 49.951 14.985-163.174 589.424c-12.488 9.99-22.478 19.98-31.636 19.98z","M686.865 397.009l-229.899-370.717 42.449-26.324 229.899 370.717-42.449 26.324z","M651.877 542.836h89.080v89.080h-89.080v-89.080z","M845.022 542.836h89.080v89.080h-89.080v-89.080z","M458.732 542.836h89.080v89.080h-89.080v-89.080z","M651.877 735.981h89.080v89.080h-89.080v-89.080z","M845.022 735.981h89.080v89.080h-89.080v-89.080z","M458.732 735.981h89.080v89.080h-89.080v-89.080z"],"width":1392,"attrs":[{},{},{},{},{},{},{},{},{}],"isMulticolor":false,"isMulticolor2":false,"tags":["cart"],"grid":0},"attrs":[{},{},{},{},{},{},{},{},{}],"properties":{"order":3,"id":11,"name":"cart","prevSize":32,"code":59648},"setIdx":0,"setId":2,"iconIdx":11},{"icon":{"paths":["M945.942 14.058c-18.746-18.744-49.136-18.744-67.882 0l-202.164 202.164c-51.938-15.754-106.948-24.222-163.896-24.222-223.318 0-416.882 130.042-512 320 41.122 82.124 100.648 153.040 173.022 207.096l-158.962 158.962c-18.746 18.746-18.746 49.136 0 67.882 9.372 9.374 21.656 14.060 33.94 14.060s24.568-4.686 33.942-14.058l864-864c18.744-18.746 18.744-49.138 0-67.884zM416 320c42.24 0 78.082 27.294 90.92 65.196l-121.724 121.724c-37.902-12.838-65.196-48.68-65.196-90.92 0-53.020 42.98-96 96-96zM110.116 512c38.292-60.524 89.274-111.924 149.434-150.296 3.918-2.5 7.876-4.922 11.862-7.3-9.962 27.328-15.412 56.822-15.412 87.596 0 54.89 17.286 105.738 46.7 147.418l-60.924 60.924c-52.446-36.842-97.202-83.882-131.66-138.342z","M768 442c0-27.166-4.256-53.334-12.102-77.898l-321.808 321.808c24.568 7.842 50.742 12.090 77.91 12.090 141.382 0 256-114.618 256-256z","M830.026 289.974l-69.362 69.362c1.264 0.786 2.53 1.568 3.786 2.368 60.162 38.374 111.142 89.774 149.434 150.296-38.292 60.522-89.274 111.922-149.436 150.296-75.594 48.218-162.89 73.704-252.448 73.704-38.664 0-76.902-4.76-113.962-14.040l-76.894 76.894c59.718 21.462 123.95 33.146 190.856 33.146 223.31 0 416.876-130.042 512-320-45.022-89.916-112.118-166.396-193.974-222.026z"],"tags":["eye-blocked","views","vision","visit","banned","blocked","forbidden","private"],"defaultCode":59857,"grid":16,"attrs":[]},"attrs":[],"properties":{"ligatures":"eye-blocked, views4","name":"eye-blocked","order":4,"id":210,"prevSize":32,"code":59857},"setIdx":1,"setId":1,"iconIdx":209}],"height":1024,"metadata":{"name":"icomoon"},"preferences":{"showGlyphs":true,"showQuickUse":true,"showQuickUse2":true,"showSVGs":true,"fontPref":{"prefix":"icon-","metadata":{"fontFamily":"icomoon"},"metrics":{"emSize":1024,"baseline":6.25,"whitespace":50},"embed":false},"imagePref":{"prefix":"icon-","png":true,"useClassSelector":true,"color":0,"bgColor":16777215,"classSelector":".icon"},"historySize":50,"showCodes":true,"gridSize":16}}