{"IcoMoonType":"selection","icons":[{"icon":{"paths":["M945.237 0l78.763 78.763-433.237 433.237 433.237 433.237-78.763 78.763-433.237-433.237-433.237 433.237-78.763-78.763 433.152-433.237-433.152-433.237 78.763-78.763 433.237 433.237 433.237-433.237z"],"attrs":[{}],"isMulticolor":false,"isMulticolor2":false,"grid":0,"tags":["cross"]},"attrs":[{}],"properties":{"order":10,"id":0,"name":"cross","prevSize":32,"code":59657},"setIdx":0,"setId":6,"iconIdx":0},{"icon":{"paths":["M554.667 213.333v298.667h298.667v42.667h-298.667v298.667h-42.667l-0.043-298.667h-298.624v-42.667h298.667v-298.667h42.667z"],"attrs":[{}],"isMulticolor":false,"isMulticolor2":false,"grid":0,"tags":["plus-sign"]},"attrs":[{}],"properties":{"order":8,"id":1,"name":"plus-sign","prevSize":32,"code":59655},"setIdx":1,"setId":5,"iconIdx":0},{"icon":{"paths":["M853.333 512v42.667h-640v-42.667h640z"],"attrs":[{}],"isMulticolor":false,"isMulticolor2":false,"grid":0,"tags":["minus-sign"]},"attrs":[{}],"properties":{"order":9,"id":0,"name":"minus-sign","prevSize":32,"code":59656},"setIdx":1,"setId":5,"iconIdx":1},{"icon":{"paths":["M240.471 640l271.529-271.529 271.529 271.529"],"attrs":[{"fill":"none","strokeLinejoin":"miter","strokeLinecap":"butt","strokeMiterlimit":"4","strokeWidth":64}],"isMulticolor":false,"isMulticolor2":false,"grid":0,"tags":["chevron-up"]},"attrs":[{"fill":"none","strokeLinejoin":"miter","strokeLinecap":"butt","strokeMiterlimit":"4","strokeWidth":64}],"properties":{"order":12,"id":3,"name":"chevron-up1","prevSize":32,"code":59658},"setIdx":2,"setId":4,"iconIdx":0},{"icon":{"paths":["M783.529 384l-271.529 271.529-271.529-271.529"],"attrs":[{"fill":"none","strokeLinejoin":"miter","strokeLinecap":"butt","strokeMiterlimit":"4","strokeWidth":64}],"isMulticolor":false,"isMulticolor2":false,"grid":0,"tags":["chevron-down"]},"attrs":[{"fill":"none","strokeLinejoin":"miter","strokeLinecap":"butt","strokeMiterlimit":"4","strokeWidth":64}],"properties":{"order":11,"id":2,"name":"chevron-down1","prevSize":32,"code":59659},"setIdx":2,"setId":4,"iconIdx":1},{"icon":{"paths":["M64.020 688.546c0.128-0.311 465.815 268.582 465.815 268.582-0.311-0.128 288.101-499.627 288.101-499.627l-98.35-367.046-367.046 98.35-288.524 499.738zM308.283 131.126l458.806-122.936 122.936 458.806-302.436 523.836c-18.465 31.982-59.94 42.602-91.337 24.473l-465.929-269.006c-31.982-18.465-42.602-59.94-24.473-91.337l302.436-523.836z","M657.327 332.645c-18.549 32.129-59.632 43.136-91.761 24.587s-43.136-59.632-24.587-91.761c18.549-32.129 59.632-43.136 91.761-24.587s43.136 59.632 24.587 91.761z"],"attrs":[{},{}],"width":896,"isMulticolor":false,"isMulticolor2":false,"grid":0,"tags":["coupon"]},"attrs":[{},{}],"properties":{"order":6,"id":1,"name":"coupon","prevSize":32,"code":59653},"setIdx":2,"setId":4,"iconIdx":2},{"icon":{"paths":["M39.385 39.385h612.667l253.794 254.976v690.255h-866.462v-945.231z","M850.156 275.692h-180.618v-180.618l180.618 180.618z","M236.308 236.308h236.308v78.769h-236.308z","M236.308 472.615h472.615v78.769h-472.615z","M236.308 708.923h472.615v78.769h-472.615z"],"attrs":[{"fill":"none","strokeLinejoin":"miter","strokeLinecap":"butt","strokeMiterlimit":"4","strokeWidth":78.76923076923077},{"fill":"none","strokeLinejoin":"miter","strokeLinecap":"butt","strokeMiterlimit":"4","strokeWidth":78.76923076923077},{},{},{}],"width":945,"isMulticolor":false,"isMulticolor2":true,"grid":0,"tags":["note"],"colorPermutations":[null,null,null,null,null]},"attrs":[{"fill":"none","strokeLinejoin":"miter","strokeLinecap":"butt","strokeMiterlimit":"4","strokeWidth":78.76923076923077},{"fill":"none","strokeLinejoin":"miter","strokeLinecap":"butt","strokeMiterlimit":"4","strokeWidth":78.76923076923077},{},{},{}],"properties":{"order":7,"id":0,"name":"note","prevSize":32,"code":59654},"setIdx":2,"setId":4,"iconIdx":3},{"icon":{"paths":["M297.344 105.344c5.794-5.808 13.805-9.401 22.656-9.401s16.862 3.593 22.655 9.401l0.001 0.001 384 384c5.808 5.794 9.401 13.805 9.401 22.656s-3.593 16.862-9.401 22.655l-0.001 0.001-384 384c-5.798 5.798-13.808 9.384-22.656 9.384-17.695 0-32.040-14.345-32.040-32.040 0-8.848 3.586-16.858 9.384-22.656v0l361.408-361.344-361.408-361.344c-5.808-5.794-9.401-13.805-9.401-22.656s3.593-16.862 9.401-22.655l0.001-0.001z"],"attrs":[{}],"isMulticolor":false,"isMulticolor2":false,"tags":["chevron-right"],"grid":0},"attrs":[{}],"properties":{"order":2,"id":0,"name":"chevron-right","prevSize":32,"code":59649},"setIdx":3,"setId":3,"iconIdx":0},{"icon":{"paths":["M105.344 726.656c-5.808-5.794-9.401-13.805-9.401-22.656s3.593-16.862 9.401-22.655l384.001-384.001c5.794-5.808 13.805-9.401 22.656-9.401s16.862 3.593 22.655 9.401l384.001 384.001c5.798 5.798 9.384 13.808 9.384 22.656 0 17.695-14.345 32.040-32.040 32.040-8.848 0-16.858-3.586-22.656-9.384v0l-361.344-361.408-361.344 361.408c-5.794 5.808-13.805 9.401-22.656 9.401s-16.862-3.593-22.655-9.401l-0.001-0.001z"],"attrs":[{}],"isMulticolor":false,"isMulticolor2":false,"tags":["chevron-up"],"grid":0},"attrs":[{}],"properties":{"order":3,"id":1,"name":"chevron-up","prevSize":32,"code":59650},"setIdx":3,"setId":3,"iconIdx":1},{"icon":{"paths":["M726.656 918.656c-5.794 5.808-13.805 9.401-22.656 9.401s-16.862-3.593-22.655-9.401l-384.001-384.001c-5.808-5.794-9.401-13.805-9.401-22.656s3.593-16.862 9.401-22.655l384.001-384.001c5.798-5.798 13.808-9.384 22.656-9.384 17.695 0 32.040 14.345 32.040 32.040 0 8.848-3.586 16.858-9.384 22.656v0l-361.408 361.344 361.408 361.344c5.808 5.794 9.401 13.805 9.401 22.656s-3.593 16.862-9.401 22.655l-0.001 0.001z"],"attrs":[{}],"isMulticolor":false,"isMulticolor2":false,"tags":["chevron-left"],"grid":0},"attrs":[{}],"properties":{"order":4,"id":2,"name":"chevron-left","prevSize":32,"code":59651},"setIdx":3,"setId":3,"iconIdx":2},{"icon":{"paths":["M918.656 297.344c5.808 5.794 9.401 13.805 9.401 22.656s-3.593 16.862-9.401 22.655l-384.001 384.001c-5.794 5.808-13.805 9.401-22.656 9.401s-16.862-3.593-22.655-9.401l-384.001-384.001c-5.798-5.798-9.384-13.808-9.384-22.656 0-17.695 14.345-32.040 32.040-32.040 8.848 0 16.858 3.586 22.656 9.384v0l361.344 361.408 361.344-361.408c5.794-5.808 13.805-9.401 22.656-9.401s16.862 3.593 22.655 9.401l0.001 0.001z"],"attrs":[{}],"isMulticolor":false,"isMulticolor2":false,"tags":["chevron-down"],"grid":0},"attrs":[{}],"properties":{"order":5,"id":3,"name":"chevron-down","prevSize":32,"code":59652},"setIdx":3,"setId":3,"iconIdx":3},{"icon":{"paths":["M61.62 369.672h1268.761v49.951h-1268.761v-49.951z","M1098.108 1024.033h-802.55c-9.99 0-19.98-9.99-24.976-19.98l-163.174-589.424 49.951-14.985 159.011 570.276h768.416l158.179-570.276 49.951 14.985-163.174 589.424c-12.488 9.99-22.478 19.98-31.636 19.98z","M686.865 397.009l-229.899-370.717 42.449-26.324 229.899 370.717-42.449 26.324z","M651.877 542.836h89.080v89.080h-89.080v-89.080z","M845.022 542.836h89.080v89.080h-89.080v-89.080z","M458.732 542.836h89.080v89.080h-89.080v-89.080z","M651.877 735.981h89.080v89.080h-89.080v-89.080z","M845.022 735.981h89.080v89.080h-89.080v-89.080z","M458.732 735.981h89.080v89.080h-89.080v-89.080z"],"width":1392,"attrs":[{},{},{},{},{},{},{},{},{}],"isMulticolor":false,"isMulticolor2":false,"tags":["cart"],"grid":0},"attrs":[{},{},{},{},{},{},{},{},{}],"properties":{"order":3,"id":4,"name":"cart","prevSize":32,"code":59648},"setIdx":3,"setId":3,"iconIdx":4}],"height":1024,"metadata":{"name":"icomoon"},"preferences":{"showGlyphs":true,"showQuickUse":true,"showQuickUse2":true,"showSVGs":true,"fontPref":{"prefix":"icon-","metadata":{"fontFamily":"icomoon"},"metrics":{"emSize":1024,"baseline":6.25,"whitespace":50},"embed":false},"imagePref":{"prefix":"icon-","png":true,"useClassSelector":true,"color":0,"bgColor":16777215,"classSelector":".icon"},"historySize":50,"showCodes":true,"gridSize":16}}